Item Number,Quantity,Description,Size,UPC Code,Salon Each,Extended,Category
KPPE00010,,Prestige 1.0  Black,60 ml,, $7.95 , $-   ,KINCREM Prestige - Permanent Haircolor enriched with Keratin
KPPE00011,,Prestige 1.1  Blue Black ,60 ml,, $7.95 , $-   ,KINCREM Prestige - Permanent Haircolor enriched with Keratin
KPPE00020,,Prestige 2.0  Brown   ,60 ml,, $7.95 , $-   ,KINCREM Prestige - Permanent Haircolor enriched with Keratin
KPPE00030,,Prestige 3.0  Dark Chestnut  ,60 ml,, $7.95 , $-   ,KINCREM Prestige - Permanent Haircolor enriched with Keratin
KPPE00300,,Prestige 3.00  Intense Dark Chestnut,60 ml,, $7.95 , $-   ,KINCREM Prestige - Permanent Haircolor enriched with Keratin
KPPE00035,,Prestige 3.5 Aubergine,60 ml,, $7.95 , $-   ,KINCREM Prestige - Permanent Haircolor enriched with Keratin
KPPE00356,,Prestige 3.56 Aubergine,60 ml,, $7.95 , $-   ,KINCREM Prestige - Permanent Haircolor enriched with Keratin
KPPE00040,,Prestige 4.0  Medium Chestnut ,60 ml,, $7.95 , $-   ,KINCREM Prestige - Permanent Haircolor enriched with Keratin
KPPE00400,,Prestige 4.00  Intense Medium Chestnut,60 ml,, $7.95 , $-   ,KINCREM Prestige - Permanent Haircolor enriched with Keratin
KPPE00043,,Prestige 4.3  Medium Golden Chestnut ,60 ml,, $7.95 , $-   ,KINCREM Prestige - Permanent Haircolor enriched with Keratin
KPPE00442,,Prestige 4.42 Medium Iridiscent Copper Chestnut,60 ml,, $7.95 , $-   ,KINCREM Prestige - Permanent Haircolor enriched with Keratin
KPPE00450,,Prestige 4.50  Wenge Brown,60 ml,, $7.95 , $-   ,KINCREM Prestige - Permanent Haircolor enriched with Keratin
KPPE00451,,Prestige 4.51 Cocoa Brown,60 ml,, $7.95 , $-   ,KINCREM Prestige - Permanent Haircolor enriched with Keratin
KPPE00453,,Prestige 4.53  Walnut Brown,60 ml,, $7.95 , $-   ,KINCREM Prestige - Permanent Haircolor enriched with Keratin
KPPE00456,,Prestige 4.56 Dark Mahogany,60 ml,, $7.95 , $-   ,KINCREM Prestige - Permanent Haircolor enriched with Keratin
KPPE00467,,Prestige 4.67  Red Cherry,60 ml,, $7.95 , $-   ,KINCREM Prestige - Permanent Haircolor enriched with Keratin
KPPE00477,,Prestige 4.77  Violin,60 ml,, $7.95 , $-   ,KINCREM Prestige - Permanent Haircolor enriched with Keratin
KPPE00050,,Prestige 5.0  Light Chestnut,60 ml,, $7.95 , $-   ,KINCREM Prestige - Permanent Haircolor enriched with Keratin
KPPE00500,,Prestige 5.00  Intense Light Chestnut ,60 ml,, $7.95 , $-   ,KINCREM Prestige - Permanent Haircolor enriched with Keratin
KPPE00051,,Prestige 5.1  Light Ash Chestnut,60 ml,, $7.95 , $-   ,KINCREM Prestige - Permanent Haircolor enriched with Keratin
KPPE00053,,Prestige 5.3  Light Golden Chestnut,60 ml,, $7.95 , $-   ,KINCREM Prestige - Permanent Haircolor enriched with Keratin
KPPE00054,,Prestige 5.4  Light Copper Chestnut,60 ml,, $7.95 , $-   ,KINCREM Prestige - Permanent Haircolor enriched with Keratin
KPPE05450,,Prestige 5.45/0  Passion Copper,60 ml,, $7.95 , $-   ,KINCREM Prestige - Permanent Haircolor enriched with Keratin
KPPE00550,,Prestige 5.50  Teak Brown,60 ml,, $7.95 , $-   ,KINCREM Prestige - Permanent Haircolor enriched with Keratin
KPPE00551,,Prestige 5.51  Coffee Brown,60 ml,, $7.95 , $-   ,KINCREM Prestige - Permanent Haircolor enriched with Keratin
KPPE00552,,Prestige 5.52  Glace Brown,60 ml,, $7.95 , $-   ,KINCREM Prestige - Permanent Haircolor enriched with Keratin
KPPE00553,,Prestige 5.53  Oak Brown,60 ml,, $7.95 , $-   ,KINCREM Prestige - Permanent Haircolor enriched with Keratin
KPPE00556,,Prestige 5.56 Medium Mahogany,60 ml,, $7.95 , $-   ,KINCREM Prestige - Permanent Haircolor enriched with Keratin
KPPE00567,,Prestige 5.67  Burgundy Red,60 ml,, $7.95 , $-   ,KINCREM Prestige - Permanent Haircolor enriched with Keratin
KPPE00577,,Prestige 5.77  Mulberry,60 ml,, $7.95 , $-   ,KINCREM Prestige - Permanent Haircolor enriched with Keratin
KPPE00060,,Prestige 6.0  Dark Blonde,60 ml,, $7.95 , $-   ,KINCREM Prestige - Permanent Haircolor enriched with Keratin
KPPE00600,,Prestige 6.00  Intense Dark Blonde,60 ml,, $7.95 , $-   ,KINCREM Prestige - Permanent Haircolor enriched with Keratin
KPPE00061,,Prestige 6.1  Dark Ash Blonde,60 ml,, $7.95 , $-   ,KINCREM Prestige - Permanent Haircolor enriched with Keratin
KPPE00612,,Prestige 6.12 Dark Ash Pearl Blonde,60 ml,, $7.95 , $-   ,KINCREM Prestige - Permanent Haircolor enriched with Keratin
KPPE00063,,Prestige 6.3  Dark Golden Blonde,60 ml,, $7.95 , $-   ,KINCREM Prestige - Permanent Haircolor enriched with Keratin
KPPE00632,,Prestige 6.32  Dark Beige Blonde,60 ml,, $7.95 , $-   ,KINCREM Prestige - Permanent Haircolor enriched with Keratin
KPPE00634,,Prestige 6.34  Dark Copper Golden Blonde,60 ml,, $7.95 , $-   ,KINCREM Prestige - Permanent Haircolor enriched with Keratin
KPPE00642,,Prestige 6.42 Dark Iridescent Copper Blonde,60 ml,, $7.95 , $-   ,KINCREM Prestige - Permanent Haircolor enriched with Keratin
KPPE00643,,Prestige 6.43  Dark Golden Copper Blonde ,60 ml,, $7.95 , $-   ,KINCREM Prestige - Permanent Haircolor enriched with Keratin
KPPE00644,,Prestige 6.44  Intense Dark Copper Blonde,60 ml,, $7.95 , $-   ,KINCREM Prestige - Permanent Haircolor enriched with Keratin
KPPE06450,,Prestige 6.45/0  Glamour Copper,60 ml,, $7.95 , $-   ,KINCREM Prestige - Permanent Haircolor enriched with Keratin
KPPE00065,,Prestige 6.5 Light Mahogany,60 ml,, $7.95 , $-   ,KINCREM Prestige - Permanent Haircolor enriched with Keratin
KPPE00650,,Prestige 6.50  Moabi Brown,60 ml,, $7.95 , $-   ,KINCREM Prestige - Permanent Haircolor enriched with Keratin
KPPE00651,,Prestige 6.51  Chocolate Brown,60 ml,, $7.95 , $-   ,KINCREM Prestige - Permanent Haircolor enriched with Keratin
KPPE00652,,Prestige 6.52  Cognac Brown,60 ml,, $7.95 , $-   ,KINCREM Prestige - Permanent Haircolor enriched with Keratin
KPPE00653,,Prestige 6.53  Havana Brown,60 ml,, $7.95 , $-   ,KINCREM Prestige - Permanent Haircolor enriched with Keratin
KPPE00654,,Prestige 6.54  Copper Brown,60 ml,, $7.95 , $-   ,KINCREM Prestige - Permanent Haircolor enriched with Keratin
KPPE00656,,Prestige 6.56 Light Mahogany,60 ml,, $7.95 , $-   ,KINCREM Prestige - Permanent Haircolor enriched with Keratin
KPPE00664,,Prestige 6.64 Strawberry Red,60 ml,, $7.95 , $-   ,KINCREM Prestige - Permanent Haircolor enriched with Keratin
KPPE00666,,Prestige 6.66  Cassis Red ,60 ml,, $7.95 , $-   ,KINCREM Prestige - Permanent Haircolor enriched with Keratin
KPPE00667,,Prestige 6.67  Blackcurrant Red ,60 ml,, $7.95 , $-   ,KINCREM Prestige - Permanent Haircolor enriched with Keratin
KPPE00070,,Prestige 7.0  Medium Blonde,60 ml,, $7.95 , $-   ,KINCREM Prestige - Permanent Haircolor enriched with Keratin
KPPE00700,,Prestige 7.00  Intense Medium Blonde,60 ml,, $7.95 , $-   ,KINCREM Prestige - Permanent Haircolor enriched with Keratin
KPPE00071,,Prestige 7.1  Medium Ash Blonde,60 ml,, $7.95 , $-   ,KINCREM Prestige - Permanent Haircolor enriched with Keratin
KPPE00073,,Prestige 7.3  Medium Golden Blonde,60 ml,, $7.95 , $-   ,KINCREM Prestige - Permanent Haircolor enriched with Keratin
KPPE00731,,Prestige 7.31  Medium Golden Ash Blonde,60 ml,, $7.95 , $-   ,KINCREM Prestige - Permanent Haircolor enriched with Keratin
KPPE00732,,Prestige 7.32  Medium Beige Blonde,60 ml,, $7.95 , $-   ,KINCREM Prestige - Permanent Haircolor enriched with Keratin
KPPE00734,,Prestige 7.34  Medium Copper Golden Blonde,60 ml,, $7.95 , $-   ,KINCREM Prestige - Permanent Haircolor enriched with Keratin
KPPE00074,,Prestige 7.4  Medium Copper Blonde,60 ml,, $7.95 , $-   ,KINCREM Prestige - Permanent Haircolor enriched with Keratin
KPPE00744,,Prestige 7.44  Intense Medium Copper Blonde,60 ml,, $7.95 , $-   ,KINCREM Prestige - Permanent Haircolor enriched with Keratin
KPPE07450,,Prestige 7.45/0  Sensual Copper,60 ml,, $7.95 , $-   ,KINCREM Prestige - Permanent Haircolor enriched with Keratin
KPPE00075,,Prestige 7.5 Hazelnut Blonde,60 ml,, $7.95 , $-   ,KINCREM Prestige - Permanent Haircolor enriched with Keratin
KPPE00750,,Prestige 7.50  Iroko Brown,60 ml,, $7.95 , $-   ,KINCREM Prestige - Permanent Haircolor enriched with Keratin
KPPE00751,,Prestige 7.51  Moka Brown,60 ml,, $7.95 , $-   ,KINCREM Prestige - Permanent Haircolor enriched with Keratin
KPPE00752,,Prestige 7.52  Iridescent Brown ,60 ml,, $7.95 , $-   ,KINCREM Prestige - Permanent Haircolor enriched with Keratin
KPPE00753,,Prestige 7.53  Safari Brown,60 ml,, $7.95 , $-   ,KINCREM Prestige - Permanent Haircolor enriched with Keratin
KPPE00756,,Prestige 7.56 Hazelnut,60 ml,, $7.95 , $-   ,KINCREM Prestige - Permanent Haircolor enriched with Keratin
KPPE00764,,Prestige 7.64  Coral Red,60 ml,, $7.95 , $-   ,KINCREM Prestige - Permanent Haircolor enriched with Keratin
KPPE00766,,Prestige 7.66  Chili Red,60 ml,, $7.95 , $-   ,KINCREM Prestige - Permanent Haircolor enriched with Keratin
KPPE00777,,Prestige 7.77  Mauve,60 ml,, $7.95 , $-   ,KINCREM Prestige - Permanent Haircolor enriched with Keratin
KPPE00079,,Prestige 7.9  Diamond Grey,60 ml,, $7.95 , $-   ,KINCREM Prestige - Permanent Haircolor enriched with Keratin
KPPE00080,,Prestige 8.0  Light Blonde,60 ml,, $7.95 , $-   ,KINCREM Prestige - Permanent Haircolor enriched with Keratin
KPPE00800,,Prestige 8.00  Intense Light Blonde,60 ml,, $7.95 , $-   ,KINCREM Prestige - Permanent Haircolor enriched with Keratin
KPPE00801,,Prestige 8.01 Natural Light Ash Blonde,60 ml,, $7.95 , $-   ,KINCREM Prestige - Permanent Haircolor enriched with Keratin
KPPE00081,,Prestige 8.1  Light Ash Blonde,60 ml,, $7.95 , $-   ,KINCREM Prestige - Permanent Haircolor enriched with Keratin
KPPE00082,,Prestige 8.2 Light Pearl Blonde,60 ml,, $7.95 , $-   ,KINCREM Prestige - Permanent Haircolor enriched with Keratin
KPPE00083,,Prestige 8.3  Light Golden Blonde,60 ml,, $7.95 , $-   ,KINCREM Prestige - Permanent Haircolor enriched with Keratin
KPPE00831,,Prestige 8.31  Light Golden Ash Blonde,60 ml,, $7.95 , $-   ,KINCREM Prestige - Permanent Haircolor enriched with Keratin
KPPE00832,,Prestige 8.32  Light Beige Blonde,60 ml,, $7.95 , $-   ,KINCREM Prestige - Permanent Haircolor enriched with Keratin
KPPE00833,,Prestige 8.33 Intense Light Golden Blonde,60 ml,, $7.95 , $-   ,KINCREM Prestige - Permanent Haircolor enriched with Keratin
KPPE00834,,Prestige 8.34  Light Copper Golden Blonde ,60 ml,, $7.95 , $-   ,KINCREM Prestige - Permanent Haircolor enriched with Keratin
KPPE00843,,Prestige 8.43  Light Golden Copper Blonde,60 ml,, $7.95 , $-   ,KINCREM Prestige - Permanent Haircolor enriched with Keratin
KPPE00844,,Prestige 8.44  Intense Light Copper Blonde ,60 ml,, $7.95 , $-   ,KINCREM Prestige - Permanent Haircolor enriched with Keratin
KPPE00845,,Prestige 8.45 Light Mahogany Copper Blonde,60 ml,, $7.95 , $-   ,KINCREM Prestige - Permanent Haircolor enriched with Keratin
KPPE08450,,Prestige 8.45/0  Chic Copper,60 ml,, $7.95 , $-   ,KINCREM Prestige - Permanent Haircolor enriched with Keratin
KPPE00851,,Prestige 8.51  Sandy Brown,60 ml,, $7.95 , $-   ,KINCREM Prestige - Permanent Haircolor enriched with Keratin
KPPE00853,,Prestige 8.53  Golden Brown,60 ml,, $7.95 , $-   ,KINCREM Prestige - Permanent Haircolor enriched with Keratin
KPPE00854,,Prestige 8.54  Praline Brown,60 ml,, $7.95 , $-   ,KINCREM Prestige - Permanent Haircolor enriched with Keratin
KPPE00090,,Prestige 9.0  Very Light Blonde ,60 ml,, $7.95 , $-   ,KINCREM Prestige - Permanent Haircolor enriched with Keratin
KPPE00900,,Prestige 9.00  Intense Very Light Blonde,60 ml,, $7.95 , $-   ,KINCREM Prestige - Permanent Haircolor enriched with Keratin
KPPE00901,,Prestige 9.01 Very Light Natural Ash Blonde,60 ml,, $7.95 , $-   ,KINCREM Prestige - Permanent Haircolor enriched with Keratin
KPPE00091,,Prestige 9.1  Very Light Ash Blonde,60 ml,, $7.95 , $-   ,KINCREM Prestige - Permanent Haircolor enriched with Keratin
KPPE00912,,Prestige 9.12  Very Light Ash Pearl Blonde,60 ml,, $7.95 , $-   ,KINCREM Prestige - Permanent Haircolor enriched with Keratin
KPPE00093,,Prestige 9.3  Very Light Golden Blonde,60 ml,, $7.95 , $-   ,KINCREM Prestige - Permanent Haircolor enriched with Keratin
KPPE00931,,Prestige 9.31  Very Light Golden Ash Blonde,60 ml,, $7.95 , $-   ,KINCREM Prestige - Permanent Haircolor enriched with Keratin
KPPE00932,,Prestige 9.32  Very Light Beige Blonde,60 ml,, $7.95 , $-   ,KINCREM Prestige - Permanent Haircolor enriched with Keratin
KPPE00099,,Prestige 9.9  Silver Grey,60 ml,, $7.95 , $-   ,KINCREM Prestige - Permanent Haircolor enriched with Keratin
KPPE00100,,Prestige 10.0  Platinum Blonde ,60 ml,, $7.95 , $-   ,KINCREM Prestige - Permanent Haircolor enriched with Keratin
KPPE01000,,Prestige 10.00  Intense Platinum Blonde,60 ml,, $7.95 , $-   ,KINCREM Prestige - Permanent Haircolor enriched with Keratin
KPPE01001,,Prestige 10.01 Natural Ash Platinum Blonde,60 ml,, $7.95 , $-   ,KINCREM Prestige - Permanent Haircolor enriched with Keratin
KPPE00101,,Prestige 10.1  Platinum Ash Blonde,60 ml,, $7.95 , $-   ,KINCREM Prestige - Permanent Haircolor enriched with Keratin
KPPE00103,,Prestige 10.3  Platinum Golden Blonde  ,60 ml,, $7.95 , $-   ,KINCREM Prestige - Permanent Haircolor enriched with Keratin
KPPE01032,,Prestige 10.32  Platinum Beige Blonde   ,60 ml,, $7.95 , $-   ,KINCREM Prestige - Permanent Haircolor enriched with Keratin
KPPE00110,,Prestige 11.0  Super Light Blonde,60 ml,, $7.95 , $-   ,KINCREM Prestige - Permanent Haircolor enriched with Keratin
KPPE01102,,Prestige 11.02 Super Light Pearl Blonde,60 ml,, $7.95 , $-   ,KINCREM Prestige - Permanent Haircolor enriched with Keratin
KPPE00111,,Prestige 11.1  Super Light Ash Blonde,60 ml,, $7.95 , $-   ,KINCREM Prestige - Permanent Haircolor enriched with Keratin
KPPE01112,,Prestige 11.12  Super Light Pearl Ash Blonde,60 ml,, $7.95 , $-   ,KINCREM Prestige - Permanent Haircolor enriched with Keratin
KPPE00113,,Prestige 11.3 Super Light Golden Blonde,60 ml,, $7.95 , $-   ,KINCREM Prestige - Permanent Haircolor enriched with Keratin
KPPE01132,,Prestige 11.32  Super Light Beige Blonde,60 ml,, $7.95 , $-   ,KINCREM Prestige - Permanent Haircolor enriched with Keratin
KPPE01134,,Prestige 11.34 Super Light Copper Golden Blonde,60 ml,, $7.95 , $-   ,KINCREM Prestige - Permanent Haircolor enriched with Keratin
KPPE00120,,Prestige 12.0  Extra Light Blonde ,60 ml,, $7.95 , $-   ,KINCREM Prestige - Permanent Haircolor enriched with Keratin
KPPE00121,,Prestige 12.1 Extra Light Ash Blonde,60 ml,, $7.95 , $-   ,KINCREM Prestige - Permanent Haircolor enriched with Keratin
KPPECN030,,Prestige CN 3.0  Cool Dark Chestnut,60 ml,, $7.95 , $-   ,KINCREM Prestige - Permanent Haircolor enriched with Keratin
KPPECN040,,Prestige CN 4.0  Cool Medium Chestnut,60 ml,, $7.95 , $-   ,KINCREM Prestige - Permanent Haircolor enriched with Keratin
KPPECN050,,Prestige CN 5.0  Cool Light Chestnut,60 ml,, $7.95 , $-   ,KINCREM Prestige - Permanent Haircolor enriched with Keratin
KPPECN060,,Prestige CN 6.0  Cool Dark Blonde,60 ml,, $7.95 , $-   ,KINCREM Prestige - Permanent Haircolor enriched with Keratin
KPPECN070,,Prestige CN 7.0  Cool Medium Blonde,60 ml,, $7.95 , $-   ,KINCREM Prestige - Permanent Haircolor enriched with Keratin
KPPECN080,,Prestige CN 8.0  Cool Light Blonde,60 ml,, $7.95 , $-   ,KINCREM Prestige - Permanent Haircolor enriched with Keratin
KPPECN090,,Prestige CN 9.0  Cool Very Light Blonde,60 ml,, $7.95 , $-   ,KINCREM Prestige - Permanent Haircolor enriched with Keratin
KPPECN100,,Prestige CN 10.0  Cool Platinum Blonde,60 ml,, $7.95 , $-   ,KINCREM Prestige - Permanent Haircolor enriched with Keratin
KPPECN300,,Prestige CN 3.00  Cool Intense Dark Chestnut,60 ml,, $7.95 , $-   ,KINCREM Prestige - Permanent Haircolor enriched with Keratin
KPPECN400,,Prestige CN 4.00  Cool Intense Medium Chestnut,60 ml,, $7.95 , $-   ,KINCREM Prestige - Permanent Haircolor enriched with Keratin
KPPECN500,,Prestige CN 5.00  Cool Intense Light Chestnut,60 ml,, $7.95 , $-   ,KINCREM Prestige - Permanent Haircolor enriched with Keratin
KPPECN600,,Prestige CN 6.00  Cool Intense Dark Blonde,60 ml,, $7.95 , $-   ,KINCREM Prestige - Permanent Haircolor enriched with Keratin
KPPECN700,,Prestige CN 7.00  Cool Intense Medium Blonde,60 ml,, $7.95 , $-   ,KINCREM Prestige - Permanent Haircolor enriched with Keratin
KPPECN800,,Prestige CN 8.00  Cool Intense Light Blonde,60 ml,, $7.95 , $-   ,KINCREM Prestige - Permanent Haircolor enriched with Keratin
KPPECN900,,Prestige CN 9.00  Cool Intense Very Light Blonde,60 ml,, $7.95 , $-   ,KINCREM Prestige - Permanent Haircolor enriched with Keratin
KPPEC1000,,Prestige CN 10.00  Cool Intense Platinum Blonde,60 ml,, $7.95 , $-   ,KINCREM Prestige - Permanent Haircolor enriched with Keratin
KPPE00M00,,Prestige M/00  Lightener ,60 ml,, $7.95 , $-   ,KINCREM Prestige - Permanent Haircolor enriched with Keratin
KPPE00M11,,Prestige M/11  Ash,60 ml,, $7.95 , $-   ,KINCREM Prestige - Permanent Haircolor enriched with Keratin
KPPE00M33,,Prestige M/33  Golden,60 ml,, $7.95 , $-   ,KINCREM Prestige - Permanent Haircolor enriched with Keratin
KPPE00M44,,Prestige M/44  Copper,60 ml,, $7.95 , $-   ,KINCREM Prestige - Permanent Haircolor enriched with Keratin
KPPE00M66,,Prestige M/66  Red ,60 ml,, $7.95 , $-   ,KINCREM Prestige - Permanent Haircolor enriched with Keratin
KPPE00M77,,Prestige M/77  Violet,60 ml,, $7.95 , $-   ,KINCREM Prestige - Permanent Haircolor enriched with Keratin
KPPE00M88,,Prestige M/88  Green,60 ml,, $7.95 , $-   ,KINCREM Prestige - Permanent Haircolor enriched with Keratin
KPPE00M99,,Prestige M/99  Blue,60 ml,, $7.95 , $-   ,KINCREM Prestige - Permanent Haircolor enriched with Keratin
KPPE00C44,,Contrast C44  Copper,60 ml,, $7.95 , $-   ,KINCREM Prestige - Permanent Haircolor enriched with Keratin
KPPE00C55,,Contrast C55  Reddish Copper,60 ml,, $7.95 , $-   ,KINCREM Prestige - Permanent Haircolor enriched with Keratin
KPPE00C66,,Contrast C66  Fiery Red,60 ml,, $7.95 , $-   ,KINCREM Prestige - Permanent Haircolor enriched with Keratin
KPPE00C77,,Contrast C77  Ruby Red,60 ml,, $7.95 , $-   ,KINCREM Prestige - Permanent Haircolor enriched with Keratin
KPPE00V44,,Color Vibrance V44 Copper - 75 ml,75.ml,, $18.00 , $-   ,KINCREM Prestige - Permanent Haircolor enriched with Keratin
KPPE00V66,,Color Vibrance V66 Red - 75 ml,75.ml,, $18.00 , $-   ,KINCREM Prestige - Permanent Haircolor enriched with Keratin
KPPE00V77,,Color Vibrance V77 Purple - 75 ml,75.ml,, $18.00 , $-   ,KINCREM Prestige - Permanent Haircolor enriched with Keratin
KPSE00010,,Glamour 1.0  Black,60 ml,, $6.95 , $-   ,NEWCOLOR Glamour - Semi-permanent Color
KPSE00210,,Glamour 2.10  Blue Black,60 ml,, $6.95 , $-   ,NEWCOLOR Glamour - Semi-permanent Color
KPSE00040,,Glamour 4.0  Medium Chestnut,60 ml,, $6.95 , $-   ,NEWCOLOR Glamour - Semi-permanent Color
KPSE00442,,Glamour 4.42 Medium Iridescent Copper Chestnut,60 ml,, $6.95 , $-   ,NEWCOLOR Glamour - Semi-permanent Color
KPSE00470,,Glamour 4.70  Violin Red,60 ml,, $6.95 , $-   ,NEWCOLOR Glamour - Semi-permanent Color
KPSE00050,,Glamour 5.0  Light Chestnut,60 ml,, $6.95 , $-   ,NEWCOLOR Glamour - Semi-permanent Color
KPSE00550,,Glamour 5.50  Medium Mahogany,60 ml,, $6.95 , $-   ,NEWCOLOR Glamour - Semi-permanent Color
KPSE00551,,Glamour 5.51  Coffee Brown,60 ml,, $6.95 , $-   ,NEWCOLOR Glamour - Semi-permanent Color
KPSE00556,,Glamour 5.56  Raspberry Red,60 ml,, $6.95 , $-   ,NEWCOLOR Glamour - Semi-permanent Color
KPSE00643,,Glamour 6.43 Dark Golden Copper Blonde,60 ml,, $6.95 , $-   ,NEWCOLOR Glamour - Semi-permanent Color
KPSE00650,,Glamour 6.50  Light Mahogany,60 ml,, $6.95 , $-   ,NEWCOLOR Glamour - Semi-permanent Color
KPSE00651,,Glamour 6.51  Chocolate Brown,60 ml,, $6.95 , $-   ,NEWCOLOR Glamour - Semi-permanent Color
KPSE00653,,Glamour 6.53  Havana Brown ,60 ml,, $6.95 , $-   ,NEWCOLOR Glamour - Semi-permanent Color
KPSE00662,,Glamour 6.62  Cassis Red,60 ml,, $6.95 , $-   ,NEWCOLOR Glamour - Semi-permanent Color
KPSE00676,,Glamour 6.76  Blackcurrant Red,60 ml,, $6.95 , $-   ,NEWCOLOR Glamour - Semi-permanent Color
KPSE00070,,Glamour 7.0  Medium Blonde,60 ml,, $6.95 , $-   ,NEWCOLOR Glamour - Semi-permanent Color
KPSE00713,,Glamour 7.13  Medium Golden Ash Blonde,60 ml,, $6.95 , $-   ,NEWCOLOR Glamour - Semi-permanent Color
KPSE00735,,Glamour 7.35  Hazelnut Blonde,60 ml,, $6.95 , $-   ,NEWCOLOR Glamour - Semi-permanent Color
KPSE00743,,Glamour 7.43  Birch,60 ml,, $6.95 , $-   ,NEWCOLOR Glamour - Semi-permanent Color
KPSE00744,,Glamour 7.44  Intense Medium Copper Blonde,60 ml,, $6.95 , $-   ,NEWCOLOR Glamour - Semi-permanent Color
KPSE00752,,Glamour 7.52  Iridescent Brown,60 ml,, $6.95 , $-   ,NEWCOLOR Glamour - Semi-permanent Color
KPSE00766,,Glamour 7.66  Cherry Red,60 ml,, $6.95 , $-   ,NEWCOLOR Glamour - Semi-permanent Color
KPSE00080,,Glamour 8.0  Light Blonde,60 ml,, $6.95 , $-   ,NEWCOLOR Glamour - Semi-permanent Color
KPSE00083,,Glamour 8.3  Light Golden Blonde,60 ml,, $6.95 , $-   ,NEWCOLOR Glamour - Semi-permanent Color
KPSE00833,,Glamour 8.33  Intense Light Golden Blonde ,60 ml,, $6.95 , $-   ,NEWCOLOR Glamour - Semi-permanent Color
KPSE00834,,Glamour 8.34  Light Copper Golden Blonde,60 ml,, $6.95 , $-   ,NEWCOLOR Glamour - Semi-permanent Color
KPSE00846,,Glamour 8.46  Light Mahogany Copper Blonde,60 ml,, $6.95 , $-   ,NEWCOLOR Glamour - Semi-permanent Color
KPSE00090,,Glamour 9.0  Very Light Blonde,60 ml,, $6.95 , $-   ,NEWCOLOR Glamour - Semi-permanent Color
KPSE00903,,Glamour 9.03  Very Light Beige Blonde,60 ml,, $6.95 , $-   ,NEWCOLOR Glamour - Semi-permanent Color
KPSE00099,,Glamour 9.9  Silver Grey,60 ml,, $6.95 , $-   ,NEWCOLOR Glamour - Semi-permanent Color
KPSE00103,,Glamour 10.3  Platinum Golden Blonde,60 ml,, $6.95 , $-   ,NEWCOLOR Glamour - Semi-permanent Color
KPSE00M66,,Glamour M66  Red,60 ml,, $6.95 , $-   ,NEWCOLOR Glamour - Semi-permanent Color
KPSE00M67,,Glamour M67  Violet Red,60 ml,, $6.95 , $-   ,NEWCOLOR Glamour - Semi-permanent Color
KPDE10PLT,,Oxydant Color Plus 10 vol (3%),liter,, $12.00 , $-   ,"OXYDANTS, DEVELOPERS & KINBLOND"
KPDE20PLT,,Oxydant Color Plus 20 vol (6%),liter,, $12.00 , $-   ,"OXYDANTS, DEVELOPERS & KINBLOND"
KPDE30PLT,,Oxydant Color Plus 30 vol (9%),liter,, $12.00 , $-   ,"OXYDANTS, DEVELOPERS & KINBLOND"
KPDE40BLT,,Oxydant Blondes 40 vol (12%),liter,, $12.00 , $-   ,"OXYDANTS, DEVELOPERS & KINBLOND"
KPDE20P60,,Oxydant Color Plus 20 vol (6%),60 ml,, $2.50 , $-   ,"OXYDANTS, DEVELOPERS & KINBLOND"
KPDE30P60,,Oxydant Color Plus 30 vol (9%),60 ml,, $2.50 , $-   ,"OXYDANTS, DEVELOPERS & KINBLOND"
KPDE40B12,,Oxydant Blondes 40 vol (12%),120 ml,, $4.00 , $-   ,"OXYDANTS, DEVELOPERS & KINBLOND"
KPDE05GLT,,Glamour Developer 5 Volume,liter,, $10.00 , $-   ,"OXYDANTS, DEVELOPERS & KINBLOND"
KPDE18GLT,,Glamour Developer Intense 18 volume,liter,, $10.00 , $-   ,"OXYDANTS, DEVELOPERS & KINBLOND"
KPDE12G12,,Glamour Developer 12 Volume,120 ml,, $4.00 , $-   ,"OXYDANTS, DEVELOPERS & KINBLOND"
KPDE18G12,,Glamour Developer Intense 18 volume,120 ml,, $4.00 , $-   ,"OXYDANTS, DEVELOPERS & KINBLOND"
KPBLPOWSA,,KinBlond Bleaching Powder,30 gr,, $5.00 , $-   ,"OXYDANTS, DEVELOPERS & KINBLOND"
KPBLPOW50,,KinBlond Bleaching Powder,500 gr,, $28.00 , $-   ,"OXYDANTS, DEVELOPERS & KINBLOND"
KPBLPOW10,,KinBlond Bleaching Powder,1000 gr,, $40.00 , $-   ,"OXYDANTS, DEVELOPERS & KINBLOND"
KRSHCAN20,,Candy Color Shampoo - 200 ml,200 ml,, $12.00 , $-   ,KIN CANDY COLORS - adding color to life
KPTERED20,,Candy Colors Red Velvet - 200 ml,200 ml,, $17.00 , $-   ,KIN CANDY COLORS - adding color to life
KPTEBLU20,,Candy Colors Blue Gummy - 200 ml,200 ml,, $17.00 , $-   ,KIN CANDY COLORS - adding color to life
KPTEYELL20,,Candy Colors Yellow Mellow - 200 ml,200 ml,, $17.00 , $-   ,KIN CANDY COLORS - adding color to life
KPTEPIN20,,Candy Colors Pink Bubblegum - 200 ml,200 ml,, $17.00 , $-   ,KIN CANDY COLORS - adding color to life
KPTEGRE20,,Candy Colors Green Mint - 200 ml,200 ml,, $17.00 , $-   ,KIN CANDY COLORS - adding color to life
KPTEVIO20,,Candy Colors Violet Crumble - 200 ml,200 ml,, $17.00 , $-   ,KIN CANDY COLORS - adding color to life
KPTEWHI20,,Candy Colors White Sugar - 200 ml,200 ml,, $17.00 , $-   ,KIN CANDY COLORS - adding color to life
KRTEREF01,,KINACTIF Color Refresher Bottle,200 ml,, $2.00 , $-   ,KIN CANDY COLORS - adding color to life
KPSHEQULT,,KINMASTER Equilibrant Shampoo,liter,, $30.00 , $-   ,KINCREM Prestige Accessories
KPSHDEELT,,KINMASTER Deep Cleansing Shampoo,liter,, $30.00 , $-   ,KINCREM Prestige Accessories
KRACPUM01,,KIN Liter Pump,ea,, $2.00 , $-   ,KINCREM Prestige Accessories
KPCOBAL24,,Color Balance - 24 x 12 ml,24 x 12 ml,, $66.00 , $-   ,KINCREM Prestige Accessories
KPACCLE75,,Color Cleanser - 75 ml,75 ml,, $9.00 , $-   ,KINCREM Prestige Accessories
KPACSCR75,,Color Screen - 75 ml,75 ml,, $13.50 , $-   ,KINCREM Prestige Accessories
KPACREM01,,Color Remover Kit,2 x 50 ml,, $17.00 , $-   ,KINCREM Prestige Accessories
KPACBOW01,,Prestige Color Mixing Bowls,ea,, $4.00 , $-   ,KINCREM Prestige Accessories
KPACSHA01,,Prestige Color Mixing Shaker,ea,, $5.00 , $-   ,KINCREM Prestige Accessories
KPACMEA01,,Prestige Measuring Cup,ea,, $4.00 , $-   ,KINCREM Prestige Accessories
KPACBRU01,,Prestige Color Brush,ea,, $3.00 , $-   ,KINCREM Prestige Accessories
KPACAPR02,,KIN Adjustable Chef's Apron,ea,, $40.00 , $-   ,KINCREM Prestige Accessories
KPACCAPBL,,KIN Cutting Cloth - Black,ea,, $20.00 , $-   ,KINCREM Prestige Accessories
KPACTOWBL,,KIN Towel - Black,ea,, $6.50 , $-   ,KINCREM Prestige Accessories
KPACTOWWH,,KIN Towel - White,ea,, $6.50 , $-   ,KINCREM Prestige Accessories
KPACCAPDI,,KIN Disposable Capes 50 pack,50 pack,, $18.00 , $-   ,KINCREM Prestige Accessories
KPPESWA01,,Prestige Color Swatch Book,ea,, $65.00 , $-   ,KINCREM Prestige Accessories
KPSESWA01,,Newcolor Glamour Color Swatch Book,ea,, $35.00 , $-   ,KINCREM Prestige Accessories
KPPEE0010,,KINESSENCES  1.0 Black,60 ml,, $7.95 , $-   ,KINESSENCES Color - Ammonia Free 2 in 1 Coloring System
KPPEE0011,,KINESSENCES  1.1 Blue Black,60 ml,, $7.95 , $-   ,KINESSENCES Color - Ammonia Free 2 in 1 Coloring System
KPPEE0030,,KINESSENCES  3.0 Dark Chestnut,60 ml,, $7.95 , $-   ,KINESSENCES Color - Ammonia Free 2 in 1 Coloring System
KPPEE0040,,KINESSENCES  4.0 Medium Chestnut,60 ml,, $7.95 , $-   ,KINESSENCES Color - Ammonia Free 2 in 1 Coloring System
KPPEE0450,,KINESSENCES  4.50 Medium Chocolate Chestnut Brown,60 ml,, $7.95 , $-   ,KINESSENCES Color - Ammonia Free 2 in 1 Coloring System
KPPEE0451,,KINESSENCES  4.51 Medium Mocha Chestnut Brown,60 ml,, $7.95 , $-   ,KINESSENCES Color - Ammonia Free 2 in 1 Coloring System
KPPEE0477,,KINESSENCES  4.77 Medium Intense Violet Chestnut,60 ml,, $7.95 , $-   ,KINESSENCES Color - Ammonia Free 2 in 1 Coloring System
KPPEE0050,,KINESSENCES  5.0 Light Chestnut,60 ml,, $7.95 , $-   ,KINESSENCES Color - Ammonia Free 2 in 1 Coloring System
KPPEE0502,,KINESSENCES  5.02 Natural Light Iridescent Chestnut,60 ml,, $7.95 , $-   ,KINESSENCES Color - Ammonia Free 2 in 1 Coloring System
KPPEE0550,,KINESSENCES  5.50 Light Chocolate Chestnut Brown,60 ml,, $7.95 , $-   ,KINESSENCES Color - Ammonia Free 2 in 1 Coloring System
KPPEE0551,,KINESSENCES  5.51 Light Mocha Chestnut Brown,60 ml,, $7.95 , $-   ,KINESSENCES Color - Ammonia Free 2 in 1 Coloring System
KPPEE0553,,KINESSENCES  5.53 Light Chestnut Golden Brown,60 ml,, $7.95 , $-   ,KINESSENCES Color - Ammonia Free 2 in 1 Coloring System
KPPEE0556,,KINESSENCES  5.56 Light Chestnut Mahogany,60 ml,, $7.95 , $-   ,KINESSENCES Color - Ammonia Free 2 in 1 Coloring System
KPPEE0567,,KINESSENCES  5.67 Light Red Violet Chestnut,60 ml,, $7.95 , $-   ,KINESSENCES Color - Ammonia Free 2 in 1 Coloring System
KPPEE0060,,KINESSENCES  6.0 Dark Blonde,60 ml,, $7.95 , $-   ,KINESSENCES Color - Ammonia Free 2 in 1 Coloring System
KPPEE0602,,KINESSENCES  6.02 Natural Dark Iridescent Blonde,60 ml,, $7.95 , $-   ,KINESSENCES Color - Ammonia Free 2 in 1 Coloring System
KPPEE0061,,KINESSENCES  6.1 Dark Ash Blonde,60 ml,, $7.95 , $-   ,KINESSENCES Color - Ammonia Free 2 in 1 Coloring System
KPPEE0063,,KINESSENCES  6.3 Dark Golden Blonde,60 ml,, $7.95 , $-   ,KINESSENCES Color - Ammonia Free 2 in 1 Coloring System
KPPEE0632,,KINESSENCES  6.32 Dark Beige Blonde,60 ml,, $7.95 , $-   ,KINESSENCES Color - Ammonia Free 2 in 1 Coloring System
KPPEE0634,,KINESSENCES  6.34 Dark Golden Copper Blonde,60 ml,, $7.95 , $-   ,KINESSENCES Color - Ammonia Free 2 in 1 Coloring System
KPPEE0643,,KINESSENCES  6.43 Dark Copper Golden Blonde,60 ml,, $7.95 , $-   ,KINESSENCES Color - Ammonia Free 2 in 1 Coloring System
KPPEE0650,,KINESSENCES  6.50 Dark Chocolate Blonde,60 ml,, $7.95 , $-   ,KINESSENCES Color - Ammonia Free 2 in 1 Coloring System
KPPEE0651,,KINESSENCES  6.51 Dark Mocha Blonde,60 ml,, $7.95 , $-   ,KINESSENCES Color - Ammonia Free 2 in 1 Coloring System
KPPEE0652,,KINESSENCES  6.52 Dark Brown Iridescent Blonde,60 ml,, $7.95 , $-   ,KINESSENCES Color - Ammonia Free 2 in 1 Coloring System
KPPEE0653,,KINESSENCES  6.53 Dark Brown Golden Blonde,60 ml,, $7.95 , $-   ,KINESSENCES Color - Ammonia Free 2 in 1 Coloring System
KPPEE0666,,KINESSENCES  6.66 Dark Intense Red Blonde,60 ml,, $7.95 , $-   ,KINESSENCES Color - Ammonia Free 2 in 1 Coloring System
KPPEE0667,,KINESSENCES  6.67 Dark Red Violet Blonde,60 ml,, $7.95 , $-   ,KINESSENCES Color - Ammonia Free 2 in 1 Coloring System
KPPEE0677,,KINESSENCES  6.77 Dark Intense Violet Blonde,60 ml,, $7.95 , $-   ,KINESSENCES Color - Ammonia Free 2 in 1 Coloring System
KPPEE0070,,KINESSENCES  7.0 Medium Blonde,60 ml,, $7.95 , $-   ,KINESSENCES Color - Ammonia Free 2 in 1 Coloring System
KPPEE0702,,KINESSENCES  7.02 Natural Medium Iridescent Blonde,60 ml,, $7.95 , $-   ,KINESSENCES Color - Ammonia Free 2 in 1 Coloring System
KPPEE0071,,KINESSENCES  7.1 Medium Ash Blonde,60 ml,, $7.95 , $-   ,KINESSENCES Color - Ammonia Free 2 in 1 Coloring System
KPPEE0723,,KINESSENCES  7.23 Medium Iridescent Golden Blonde,60 ml,, $7.95 , $-   ,KINESSENCES Color - Ammonia Free 2 in 1 Coloring System
KPPEE0073,,KINESSENCES  7.3 Medium Golden Blonde,60 ml,, $7.95 , $-   ,KINESSENCES Color - Ammonia Free 2 in 1 Coloring System
KPPEE0731,,KINESSENCES  7.31 Medium Golden Ash Blonde,60 ml,, $7.95 , $-   ,KINESSENCES Color - Ammonia Free 2 in 1 Coloring System
KPPEE0732,,KINESSENCES  7.32 Medium Beige Blonde,60 ml,, $7.95 , $-   ,KINESSENCES Color - Ammonia Free 2 in 1 Coloring System
KPPEE0074,,KINESSENCES  7.4 Medium Copper Blonde,60 ml,, $7.95 , $-   ,KINESSENCES Color - Ammonia Free 2 in 1 Coloring System
KPPEE0744,,KINESSENCES  7.44 Medium Intense Copper Blonde,60 ml,, $7.95 , $-   ,KINESSENCES Color - Ammonia Free 2 in 1 Coloring System
KPPEE0750,,KINESSENCES  7.50 Medium Chocolate Blonde,60 ml,, $7.95 , $-   ,KINESSENCES Color - Ammonia Free 2 in 1 Coloring System
KPPEE0751,,KINESSENCES  7.51 Medium Mocha Blonde,60 ml,, $7.95 , $-   ,KINESSENCES Color - Ammonia Free 2 in 1 Coloring System
KPPEE0752,,KINESSENCES  7.52 Medium Brown Iridescent Blonde,60 ml,, $7.95 , $-   ,KINESSENCES Color - Ammonia Free 2 in 1 Coloring System
KPPEE0753,,KINESSENCES  7.53 Medium Brown Golden Blonde,60 ml,, $7.95 , $-   ,KINESSENCES Color - Ammonia Free 2 in 1 Coloring System
KPPEE0756,,KINESSENCES  7.56 Medium Hazelnut Blonde,60 ml,, $7.95 , $-   ,KINESSENCES Color - Ammonia Free 2 in 1 Coloring System
KPPEE0766,,KINESSENCES  7.66 Medium Intense Red Blonde,60 ml,, $7.95 , $-   ,KINESSENCES Color - Ammonia Free 2 in 1 Coloring System
KPPEE0080,,KINESSENCES  8.0 Light Blonde,60 ml,, $7.95 , $-   ,KINESSENCES Color - Ammonia Free 2 in 1 Coloring System
KPPEE0802,,KINESSENCES  8.02 Natural Light Iridescent Blonde,60 ml,, $7.95 , $-   ,KINESSENCES Color - Ammonia Free 2 in 1 Coloring System
KPPEE0081,,KINESSENCES  8.1 Light Ash Blonde,60 ml,, $7.95 , $-   ,KINESSENCES Color - Ammonia Free 2 in 1 Coloring System
KPPEE0083,,KINESSENCES  8.3 Light Golden Blonde,60 ml,, $7.95 , $-   ,KINESSENCES Color - Ammonia Free 2 in 1 Coloring System
KPPEE0831,,KINESSENCES  8.31 Light Golden Ash Blonde ,60 ml,, $7.95 , $-   ,KINESSENCES Color - Ammonia Free 2 in 1 Coloring System
KPPEE0832,,KINESSENCES  8.32 Light Beige Blonde,60 ml,, $7.95 , $-   ,KINESSENCES Color - Ammonia Free 2 in 1 Coloring System
KPPEE0834,,KINESSENCES  8.34 Light Golden Copper Blonde,60 ml,, $7.95 , $-   ,KINESSENCES Color - Ammonia Free 2 in 1 Coloring System
KPPEE0843,,KINESSENCES  8.43 Light Copper Golden Blonde,60 ml,, $7.95 , $-   ,KINESSENCES Color - Ammonia Free 2 in 1 Coloring System
KPPEE0844,,KINESSENCES  8.44 Light Intense Copper Blonde,60 ml,, $7.95 , $-   ,KINESSENCES Color - Ammonia Free 2 in 1 Coloring System
KPPEE0851,,KINESSENCES  8.51 Light Mocha Blonde,60 ml,, $7.95 , $-   ,KINESSENCES Color - Ammonia Free 2 in 1 Coloring System
KPPEE0853,,KINESSENCES  8.53 Light Golden Brown Blonde,60 ml,, $7.95 , $-   ,KINESSENCES Color - Ammonia Free 2 in 1 Coloring System
KPPEE0090,,KINESSENCES  9.0 Very Light Blonde,60 ml,, $7.95 , $-   ,KINESSENCES Color - Ammonia Free 2 in 1 Coloring System
KPPEE0902,,KINESSENCES  9.02 Very Light Iridescent Blonce,60 ml,, $7.95 , $-   ,KINESSENCES Color - Ammonia Free 2 in 1 Coloring System
KPPEE0091,,KINESSENCES  9.1 Very Light Ash Blonde,60 ml,, $7.95 , $-   ,KINESSENCES Color - Ammonia Free 2 in 1 Coloring System
KPPEE0921,,KINESSENCES  9.21 Very Light Iridescent Ash Blonde,60 ml,, $7.95 , $-   ,KINESSENCES Color - Ammonia Free 2 in 1 Coloring System
KPPEE0923,,KINESSENCES  9.23 Very Light Iridescent Golden Blonde,60 ml,, $7.95 , $-   ,KINESSENCES Color - Ammonia Free 2 in 1 Coloring System
KPPEE0093,,KINESSENCES  9.3 Very Light Golden Blonde,60 ml,, $7.95 , $-   ,KINESSENCES Color - Ammonia Free 2 in 1 Coloring System
KPPEE0932,,KINESSENCES  9.32 Very Light Beige Blonde,60 ml,, $7.95 , $-   ,KINESSENCES Color - Ammonia Free 2 in 1 Coloring System
KPPEE0100,,KINESSENCES  10.0 Platinum Blonde,60 ml,, $7.95 , $-   ,KINESSENCES Color - Ammonia Free 2 in 1 Coloring System
KPPEE0101,,KINESSENCES  10.1 Platinum Ash Blonde,60 ml,, $7.95 , $-   ,KINESSENCES Color - Ammonia Free 2 in 1 Coloring System
KPPEE1032,,KINESSENCES  10.32 Platinum Beige Blonde,60 ml,, $7.95 , $-   ,KINESSENCES Color - Ammonia Free 2 in 1 Coloring System
KPPEE0001,,KINESSENCES BLONDES01 Pink,60 ml,, $7.95 , $-   ,KINESSENCES Color - Ammonia Free 2 in 1 Coloring System
KPPEE0002,,KINESSENCES BLONDES02 Peach,60 ml,, $7.95 , $-   ,KINESSENCES Color - Ammonia Free 2 in 1 Coloring System
KPPEE0003,,KINESSENCES BLONDES03 Sand,60 ml,, $7.95 , $-   ,KINESSENCES Color - Ammonia Free 2 in 1 Coloring System
KPPEE0004,,KINESSENCES BLONDES04 Lilac,60 ml,, $7.95 , $-   ,KINESSENCES Color - Ammonia Free 2 in 1 Coloring System
KPPEE0005,,KINESSENCES BLONDES05 Steel,60 ml,, $7.95 , $-   ,KINESSENCES Color - Ammonia Free 2 in 1 Coloring System
KPDE06ELT,,KINESSENCES Developer 6 vol,liter,, $12.00 , $-   ,KINESSENCES Developers
KPDE12ELT,,KINESSENCES Developer 12 vol,liter,, $12.00 , $-   ,KINESSENCES Developers
KPDE24ELT,,KINESSENCES Developer 24 vol,liter,, $12.00 , $-   ,KINESSENCES Developers
KPDE36ELT,,KINESSENCES Developer 36 vol,liter,, $12.00 , $-   ,KINESSENCES Developers
KPDE06E12,,KINESSENCES Developer 6 vol,120 ml,, $5.00 , $-   ,KINESSENCES Developers
KPDE12E60,,KINESSENCES Developer 12 vol,60 ml,, $2.50 , $-   ,KINESSENCES Developers
KPDE24E60,,KINESSENCES Developer 24 vol,60 ml,, $2.50 , $-   ,KINESSENCES Developers
KPDE36E60,,KINESSENCES Developer 36 vol,60 ml,, $2.50 , $-   ,KINESSENCES Developers
KPBLPOWSA,,KinBlond Bleaching Powder,30 gr,, $5.00 , $-   ,KINESSENCES Developers
KPBLPOW50,,KinBlond Bleaching Powder,500 gr,, $28.00 , $-   ,KINESSENCES Developers
KPBLPOW10,,KinBlond Bleaching Powder,1000 gr,, $40.00 , $-   ,KINESSENCES Developers
KPBLCRE50,,KINESSENCES BLONDES Bleaching Cream,500 gr,, $40.00 , $-   ,KINESSENCES Developers
KRSHCAN20,,Candy Color Shampoo - 200 ml,200 ml,, $12.00 , $-   ,KIN CANDY COLORS - adding color to life
KPTERED75,,Candy Colors Red Velvet ,200 ml,, $17.00 , $-   ,KIN CANDY COLORS - adding color to life
KPTEBLU75,,Candy Colors Blue Gummy ,200 ml,, $17.00 , $-   ,KIN CANDY COLORS - adding color to life
KPTEYELL75,,Candy Colors Yellow Mellow ,200 ml,, $17.00 , $-   ,KIN CANDY COLORS - adding color to life
KPTEPIN75,,Candy Colors Pink Bubblegum ,200 ml,, $17.00 , $-   ,KIN CANDY COLORS - adding color to life
KPTEGRE75,,Candy Colors Green Mint ,200 ml,, $17.00 , $-   ,KIN CANDY COLORS - adding color to life
KPTEVIO75,,Candy Colors Violet Crumble ,200 ml,, $17.00 , $-   ,KIN CANDY COLORS - adding color to life
KPTEWHI20,,Candy Colors White Sugar - 200 ml,200 ml,, $17.00 , $-   ,KIN CANDY COLORS - adding color to life
KRTEREF01,,KINACTIF Color Refresher Bottle,200 ml,, $2.00 , $-   ,KIN CANDY COLORS - adding color to life
KPSHEQULT,,KINMASTER Equilibrant Shampoo,liter,, $30.00 , $-   ,Color Accessories
KPSHDEELT,,KINMASTER Deep Cleansing Shampoo,liter,, $30.00 , $-   ,Color Accessories
KRACPUM01,,KIN Liter Pump,ea,, $2.00 , $-   ,Color Accessories
KPACBOW01,,Color Mixing Bowls,ea,, $4.00 , $-   ,Color Accessories
KPACBOT01,,Color Applicator Bottle,ea,, $4.00 , $-   ,Color Accessories
KPACMEA01,,Color Measuring Cup,ea,, $4.00 , $-   ,Color Accessories
KPACBRU01,,Color Brush,ea,, $3.00 , $-   ,Color Accessories
KPACAPR02,,KIN Adjustable Chef's Apron,ea,, $40.00 , $-   ,Color Accessories
KPACCAPBL,,KIN Cutting Cloth - Black,ea,, $20.00 , $-   ,Color Accessories
KPACTOWBL,,KIN Towel - Black,ea,, $6.50 , $-   ,Color Accessories
KPACTOWWH,,KIN Towel - White,ea,, $6.50 , $-   ,Color Accessories
KPACCAPDI,,KIN Disposable Capes 50 pack,50 pack,, $18.00 , $-   ,Color Accessories
KPPEESWA1,,KINESSENCES Color Swatch Book,ea,, $45.00 , $-   ,Color Accessories
